{
  "project_info": {
    "project_number": "719663932134",
    "firebase_url": "https://jobsearch-dde7b-default-rtdb.firebaseio.com",
    "project_id": "jobsearch-dde7b",
    "storage_bucket": "jobsearch-dde7b.appspot.com"
  },
  "client": [
    {
      "client_info": {
        "mobilesdk_app_id": "1:719663932134:android:70416e68073bee04831127",
        "android_client_info": {
          "package_name": "com.example.kayakaapp"
        }
      },
      "oauth_client": [
        {
          "client_id": "719663932134-u70i4qf74rgjk2p4k19i5vri9fjdrgoe.apps.googleusercontent.com",
          "client_type": 1,
          "android_info": {
            "package_name": "com.example.kayakaapp",
            "certificate_hash": "f47363b9791b4fe743da1615b905c1dd142954bd"
          }
        },
        {
          "client_id": "719663932134-fial1rqjc1ji2c25egg31iluddup76rn.apps.googleusercontent.com",
          "client_type": 3
        }
      ],
      "api_key": [
        {
          "current_key": "AIzaSyB_y0qiczsf6dRZRZ6frxt-emIJeglVnuA"
        }
      ],
      "services": {
        "appinvite_service": {
          "other_platform_oauth_client": [
            {
              "client_id": "719663932134-fial1rqjc1ji2c25egg31iluddup76rn.apps.googleusercontent.com",
              "client_type": 3
            }
          ]
        }
      }
    }
  ],
  "configuration_version": "1"
}